Package Name,Version,License,Source URL
@babel/code-frame,7.12.11,MIT,https://github.com/babel/babel.git
@babel/highlight,7.10.4,MIT,https://github.com/babel/babel.git
@babel/code-frame,7.16.7,MIT,https://github.com/babel/babel.git
@babel/highlight,7.16.10,MIT,https://github.com/babel/babel.git
@babel/compat-data,7.11.0,MIT,https://github.com/babel/babel.git
browserslist,4.14.0,MIT,browserslist/browserslist
invariant,2.2.4,MIT,https://github.com/zertosh/invariant
semver,5.7.1,ISC,https://github.com/npm/node-semver
@babel/core,7.11.1,MIT,https://github.com/babel/babel.git
@babel/generator,7.11.0,MIT,https://github.com/babel/babel.git
@babel/helper-module-transforms,7.11.0,MIT,https://github.com/babel/babel.git
@babel/helpers,7.10.4,MIT,https://github.com/babel/babel.git
@babel/parser,7.11.3,MIT,https://github.com/babel/babel.git
@babel/template,7.10.4,MIT,https://github.com/babel/babel.git
@babel/traverse,7.11.0,MIT,https://github.com/babel/babel.git
@babel/types,7.11.0,MIT,https://github.com/babel/babel.git
convert-source-map,1.7.0,MIT,git://github.com/thlorenz/convert-source-map.git
debug,4.1.1,MIT,git://github.com/visionmedia/debug.git
gensync,1.0.0-beta.1,MIT,https://github.com/loganfsmyth/gensync
json5,2.1.3,MIT,git+https://github.com/json5/json5.git
lodash,4.17.19,MIT,lodash/lodash
resolve,1.17.0,MIT,git://github.com/browserify/resolve.git
source-map,0.5.7,BSD-3-Clause,http://github.com/mozilla/source-map.git
jsesc,2.5.2,MIT,https://github.com/mathiasbynens/jsesc.git
@babel/generator,7.17.7,MIT,https://github.com/babel/babel.git
@babel/types,7.17.0,MIT,https://github.com/babel/babel.git
@babel/helper-annotate-as-pure,7.10.4,MIT,https://github.com/babel/babel.git
@babel/helper-annotate-as-pure,7.16.7,MIT,https://github.com/babel/babel.git
@babel/helper-builder-binary-assignment-operator-visitor,7.10.4,MIT,https://github.com/babel/babel.git
@babel/helper-explode-assignable-expression,7.10.4,MIT,https://github.com/babel/babel.git
@babel/helper-compilation-targets,7.10.4,MIT,https://github.com/babel/babel.git
levenary,1.1.1,MIT,tanhauhau/levenary
@babel/helper-create-class-features-plugin,7.10.5,MIT,https://github.com/babel/babel.git
@babel/helper-function-name,7.10.4,MIT,https://github.com/babel/babel.git
@babel/helper-member-expression-to-functions,7.11.0,MIT,https://github.com/babel/babel.git
@babel/helper-optimise-call-expression,7.10.4,MIT,https://github.com/babel/babel.git
@babel/helper-plugin-utils,7.16.7,MIT,https://github.com/babel/babel.git
@babel/helper-replace-supers,7.10.4,MIT,https://github.com/babel/babel.git
@babel/helper-split-export-declaration,7.11.0,MIT,https://github.com/babel/babel.git
@babel/helper-create-class-features-plugin,7.17.6,MIT,https://github.com/babel/babel.git
@babel/helper-environment-visitor,7.16.7,MIT,https://github.com/babel/babel.git
@babel/helper-function-name,7.16.7,MIT,https://github.com/babel/babel.git
@babel/helper-member-expression-to-functions,7.17.7,MIT,https://github.com/babel/babel.git
@babel/helper-optimise-call-expression,7.16.7,MIT,https://github.com/babel/babel.git
@babel/helper-replace-supers,7.16.7,MIT,https://github.com/babel/babel.git
@babel/helper-split-export-declaration,7.16.7,MIT,https://github.com/babel/babel.git
@babel/helper-create-regexp-features-plugin,7.10.4,MIT,https://github.com/babel/babel.git
@babel/helper-regex,7.10.5,MIT,https://github.com/babel/babel.git
regexpu-core,4.7.0,MIT,https://github.com/mathiasbynens/regexpu-core.git
@babel/helper-define-map,7.10.5,MIT,https://github.com/babel/babel.git
@babel/helper-get-function-arity,7.10.4,MIT,https://github.com/babel/babel.git
@babel/helper-get-function-arity,7.16.7,MIT,https://github.com/babel/babel.git
@babel/template,7.16.7,MIT,https://github.com/babel/babel.git
@babel/helper-hoist-variables,7.10.4,MIT,https://github.com/babel/babel.git
@babel/helper-hoist-variables,7.16.7,MIT,https://github.com/babel/babel.git
@babel/helper-module-imports,7.10.4,MIT,https://github.com/babel/babel.git
@babel/helper-simple-access,7.10.4,MIT,https://github.com/babel/babel.git
@babel/helper-plugin-utils,7.10.4,MIT,https://github.com/babel/babel.git
@babel/helper-remap-async-to-generator,7.10.4,MIT,https://github.com/babel/babel.git
@babel/helper-wrap-function,7.10.4,MIT,https://github.com/babel/babel.git
@babel/traverse,7.17.3,MIT,https://github.com/babel/babel.git
@babel/helper-skip-transparent-expression-wrappers,7.11.0,MIT,https://github.com/babel/babel.git
@babel/helper-validator-identifier,7.10.4,MIT,https://github.com/babel/babel.git
@babel/helper-validator-identifier,7.16.7,MIT,https://github.com/babel/babel.git
chalk,2.4.2,MIT,chalk/chalk
js-tokens,4.0.0,MIT,lydell/js-tokens
@babel/parser,7.17.8,MIT,https://github.com/babel/babel.git
@babel/plugin-proposal-async-generator-functions,7.10.5,MIT,https://github.com/babel/babel.git
@babel/plugin-syntax-async-generators,7.8.4,MIT,https://github.com/babel/babel/tree/master/packages/babel-plugin-syntax-async-generators
@babel/plugin-proposal-class-properties,7.10.4,MIT,https://github.com/babel/babel.git
@babel/plugin-proposal-dynamic-import,7.10.4,MIT,https://github.com/babel/babel.git
@babel/plugin-syntax-dynamic-import,7.8.3,MIT,https://github.com/babel/babel/tree/master/packages/babel-plugin-syntax-dynamic-import
@babel/plugin-proposal-export-namespace-from,7.10.4,MIT,https://github.com/babel/babel.git
@babel/plugin-syntax-export-namespace-from,7.8.3,MIT,https://github.com/babel/babel/tree/master/packages/babel-plugin-syntax-export-namespace-from
@babel/plugin-proposal-json-strings,7.10.4,MIT,https://github.com/babel/babel.git
@babel/plugin-syntax-json-strings,7.8.3,MIT,https://github.com/babel/babel/tree/master/packages/babel-plugin-syntax-json-strings
@babel/plugin-proposal-logical-assignment-operators,7.11.0,MIT,https://github.com/babel/babel.git
@babel/plugin-syntax-logical-assignment-operators,7.10.4,MIT,https://github.com/babel/babel.git
@babel/plugin-proposal-nullish-coalescing-operator,7.10.4,MIT,https://github.com/babel/babel.git
@babel/plugin-syntax-nullish-coalescing-operator,7.8.3,MIT,https://github.com/babel/babel/tree/master/packages/babel-plugin-syntax-nullish-coalescing-operator
@babel/plugin-proposal-numeric-separator,7.10.4,MIT,https://github.com/babel/babel.git
@babel/plugin-syntax-numeric-separator,7.10.4,MIT,https://github.com/babel/babel.git
@babel/plugin-proposal-object-rest-spread,7.11.0,MIT,https://github.com/babel/babel.git
@babel/plugin-syntax-object-rest-spread,7.8.3,MIT,https://github.com/babel/babel/tree/master/packages/babel-plugin-syntax-object-rest-spread
@babel/plugin-transform-parameters,7.10.5,MIT,https://github.com/babel/babel.git
@babel/plugin-proposal-optional-catch-binding,7.10.4,MIT,https://github.com/babel/babel.git
@babel/plugin-syntax-optional-catch-binding,7.8.3,MIT,https://github.com/babel/babel/tree/master/packages/babel-plugin-syntax-optional-catch-binding
@babel/plugin-proposal-optional-chaining,7.11.0,MIT,https://github.com/babel/babel.git
@babel/plugin-syntax-optional-chaining,7.8.3,MIT,https://github.com/babel/babel/tree/master/packages/babel-plugin-syntax-optional-chaining
@babel/plugin-proposal-private-methods,7.10.4,MIT,https://github.com/babel/babel.git
@babel/plugin-proposal-unicode-property-regex,7.10.4,MIT,https://github.com/babel/babel.git
@babel/plugin-syntax-class-properties,7.10.4,MIT,https://github.com/babel/babel.git
@babel/plugin-syntax-top-level-await,7.10.4,MIT,https://github.com/babel/babel.git
@babel/plugin-transform-arrow-functions,7.10.4,MIT,https://github.com/babel/babel.git
@babel/plugin-transform-async-to-generator,7.10.4,MIT,https://github.com/babel/babel.git
@babel/plugin-transform-block-scoped-functions,7.10.4,MIT,https://github.com/babel/babel.git
@babel/plugin-transform-block-scoping,7.11.1,MIT,https://github.com/babel/babel.git
@babel/plugin-transform-classes,7.10.4,MIT,https://github.com/babel/babel.git
globals,11.12.0,MIT,sindresorhus/globals
@babel/plugin-transform-computed-properties,7.10.4,MIT,https://github.com/babel/babel.git
@babel/plugin-transform-destructuring,7.10.4,MIT,https://github.com/babel/babel.git
@babel/plugin-transform-dotall-regex,7.10.4,MIT,https://github.com/babel/babel.git
@babel/plugin-transform-duplicate-keys,7.10.4,MIT,https://github.com/babel/babel.git
@babel/plugin-transform-exponentiation-operator,7.10.4,MIT,https://github.com/babel/babel.git
@babel/plugin-transform-for-of,7.10.4,MIT,https://github.com/babel/babel.git
@babel/plugin-transform-function-name,7.10.4,MIT,https://github.com/babel/babel.git
@babel/plugin-transform-literals,7.10.4,MIT,https://github.com/babel/babel.git
@babel/plugin-transform-member-expression-literals,7.10.4,MIT,https://github.com/babel/babel.git
@babel/plugin-transform-modules-amd,7.10.5,MIT,https://github.com/babel/babel.git
babel-plugin-dynamic-import-node,2.3.3,MIT,git+https://github.com/airbnb/babel-plugin-dynamic-import-node.git
@babel/plugin-transform-modules-commonjs,7.10.4,MIT,https://github.com/babel/babel.git
@babel/plugin-transform-modules-systemjs,7.10.5,MIT,https://github.com/babel/babel.git
@babel/plugin-transform-modules-umd,7.10.4,MIT,https://github.com/babel/babel.git
@babel/plugin-transform-named-capturing-groups-regex,7.10.4,MIT,https://github.com/babel/babel.git
@babel/plugin-transform-new-target,7.10.4,MIT,https://github.com/babel/babel.git
@babel/plugin-transform-object-super,7.10.4,MIT,https://github.com/babel/babel.git
@babel/plugin-transform-property-literals,7.10.4,MIT,https://github.com/babel/babel.git
@babel/plugin-transform-regenerator,7.10.4,MIT,https://github.com/babel/babel.git
regenerator-transform,0.14.5,MIT,https://github.com/facebook/regenerator/tree/master/packages/regenerator-transform
@babel/plugin-transform-reserved-words,7.10.4,MIT,https://github.com/babel/babel.git
@babel/plugin-transform-runtime,7.11.0,MIT,https://github.com/babel/babel.git
@babel/plugin-transform-shorthand-properties,7.10.4,MIT,https://github.com/babel/babel.git
@babel/plugin-transform-spread,7.11.0,MIT,https://github.com/babel/babel.git
@babel/plugin-transform-sticky-regex,7.10.4,MIT,https://github.com/babel/babel.git
@babel/plugin-transform-template-literals,7.10.5,MIT,https://github.com/babel/babel.git
@babel/plugin-transform-typeof-symbol,7.10.4,MIT,https://github.com/babel/babel.git
@babel/plugin-transform-unicode-escapes,7.10.4,MIT,https://github.com/babel/babel.git
@babel/plugin-transform-unicode-regex,7.10.4,MIT,https://github.com/babel/babel.git
@babel/preset-env,7.11.0,MIT,https://github.com/babel/babel.git
@babel/preset-modules,0.1.3,MIT,https://github.com/babel/preset-modules
core-js-compat,3.6.5,MIT,https://github.com/zloirock/core-js.git
esutils,2.0.3,BSD-2-Clause,http://github.com/estools/esutils.git
@babel/runtime,7.11.2,MIT,https://github.com/babel/babel.git
regenerator-runtime,0.13.7,MIT,https://github.com/facebook/regenerator/tree/master/packages/regenerator-runtime
@babel/runtime,7.17.8,MIT,https://github.com/babel/babel.git
regenerator-runtime,0.13.9,MIT,https://github.com/facebook/regenerator/tree/master/packages/runtime
to-fast-properties,2.0.0,MIT,sindresorhus/to-fast-properties
@eslint/eslintrc,0.4.3,MIT,eslint/eslintrc
ajv,6.12.6,MIT,https://github.com/ajv-validator/ajv.git
espree,7.3.1,BSD-2-Clause,eslint/espree
globals,13.13.0,MIT,sindresorhus/globals
ignore,4.0.6,MIT,git@github.com:kaelzhang/node-ignore.git
import-fresh,3.2.1,MIT,sindresorhus/import-fresh
js-yaml,3.14.0,MIT,nodeca/js-yaml
minimatch,3.0.4,ISC,git://github.com/isaacs/minimatch.git
strip-json-comments,3.1.1,MIT,sindresorhus/strip-json-comments
@humanwhocodes/config-array,0.5.0,Apache-2.0,git+https://github.com/humanwhocodes/config-array.git
@humanwhocodes/object-schema,1.2.1,BSD-3-Clause,git+https://github.com/humanwhocodes/object-schema.git
@types/http-proxy,1.17.4,MIT,https://github.com/DefinitelyTyped/DefinitelyTyped.git
@types/node,14.0.27,MIT,https://github.com/DefinitelyTyped/DefinitelyTyped.git
@types/json-schema,7.0.5,MIT,https://github.com/DefinitelyTyped/DefinitelyTyped.git
@types/json5,0.0.29,MIT,https://www.github.com/DefinitelyTyped/DefinitelyTyped.git
@webassemblyjs/ast,1.9.0,MIT,https://github.com/xtuc/webassemblyjs
@webassemblyjs/helper-module-context,1.9.0,MIT,https://github.com/xtuc/webassemblyjs
@webassemblyjs/helper-wasm-bytecode,1.9.0,MIT,https://github.com/xtuc/webassemblyjs
@webassemblyjs/wast-parser,1.9.0,MIT,https://github.com/xtuc/webassemblyjs
@webassemblyjs/floating-point-hex-parser,1.9.0,MIT,https://github.com/xtuc/webassemblyjs
@webassemblyjs/helper-api-error,1.9.0,MIT,https://github.com/xtuc/webassemblyjs
@webassemblyjs/helper-buffer,1.9.0,MIT,https://github.com/xtuc/webassemblyjs
@webassemblyjs/helper-code-frame,1.9.0,MIT,https://github.com/xtuc/webassemblyjs
@webassemblyjs/wast-printer,1.9.0,MIT,https://github.com/xtuc/webassemblyjs
@webassemblyjs/helper-fsm,1.9.0,ISC,https://github.com/xtuc/webassemblyjs
@webassemblyjs/helper-wasm-section,1.9.0,MIT,https://github.com/xtuc/webassemblyjs
@webassemblyjs/wasm-gen,1.9.0,MIT,https://github.com/xtuc/webassemblyjs
@webassemblyjs/ieee754,1.9.0,MIT,https://github.com/xtuc/webassemblyjs
@xtuc/ieee754,1.2.0,BSD-3-Clause,https://github.com/xtuc/webassemblyjs
@webassemblyjs/leb128,1.9.0,MIT,https://github.com/xtuc/webassemblyjs
@xtuc/long,4.2.2,Apache-2.0,https://github.com/xtuc/webassemblyjs
@webassemblyjs/utf8,1.9.0,MIT,https://github.com/xtuc/webassemblyjs
@webassemblyjs/wasm-edit,1.9.0,MIT,https://github.com/xtuc/webassemblyjs
@webassemblyjs/wasm-opt,1.9.0,MIT,https://github.com/xtuc/webassemblyjs
@webassemblyjs/wasm-parser,1.9.0,MIT,https://github.com/xtuc/webassemblyjs
accepts,1.3.7,MIT,jshttp/accepts
mime-types,2.1.27,MIT,jshttp/mime-types
negotiator,0.6.2,MIT,jshttp/negotiator
acorn-jsx,5.3.2,MIT,https://github.com/acornjs/acorn-jsx
acorn,6.4.1,MIT,https://github.com/acornjs/acorn.git
acorn,7.4.0,MIT,https://github.com/acornjs/acorn.git
ajv-errors,1.0.1,MIT,git+https://github.com/epoberezkin/ajv-errors.git
ajv-keywords,3.5.2,MIT,git+https://github.com/epoberezkin/ajv-keywords.git
ajv,6.12.3,MIT,https://github.com/ajv-validator/ajv.git
fast-deep-equal,3.1.3,MIT,git+https://github.com/epoberezkin/fast-deep-equal.git
fast-json-stable-stringify,2.1.0,MIT,git://github.com/epoberezkin/fast-json-stable-stringify.git
json-schema-traverse,0.4.1,MIT,git+https://github.com/epoberezkin/json-schema-traverse.git
uri-js,4.2.2,BSD-2-Clause,http://github.com/garycourt/uri-js
ajv,8.10.0,MIT,ajv-validator/ajv
json-schema-traverse,1.0.0,MIT,git+https://github.com/epoberezkin/json-schema-traverse.git
require-from-string,2.0.2,MIT,floatdrop/require-from-string
ansi-colors,4.1.1,MIT,doowb/ansi-colors
ansi-escapes,3.2.0,MIT,sindresorhus/ansi-escapes
ansi-regex,2.1.1,MIT,chalk/ansi-regex
ansi-regex,3.0.0,MIT,chalk/ansi-regex
ansi-regex,4.1.0,MIT,chalk/ansi-regex
ansi-regex,5.0.0,MIT,chalk/ansi-regex
ansi-regex,5.0.1,MIT,chalk/ansi-regex
ansi-styles,2.2.1,MIT,chalk/ansi-styles
ansi-styles,3.2.1,MIT,chalk/ansi-styles
color-convert,1.9.3,MIT,Qix-/color-convert
ansi-styles,4.3.0,MIT,chalk/ansi-styles
color-convert,2.0.1,MIT,Qix-/color-convert
anymatch,2.0.0,ISC,https://github.com/micromatch/anymatch
micromatch,3.1.10,MIT,micromatch/micromatch
normalize-path,2.1.1,MIT,jonschlinkert/normalize-path
anymatch,3.1.1,ISC,https://github.com/micromatch/anymatch
normalize-path,3.0.0,MIT,jonschlinkert/normalize-path
picomatch,2.2.2,MIT,micromatch/picomatch
aproba,1.2.0,ISC,https://github.com/iarna/aproba
argparse,1.0.10,MIT,nodeca/argparse
sprintf-js,1.0.3,BSD-3-Clause,https://github.com/alexei/sprintf.js.git
arr-diff,4.0.0,MIT,jonschlinkert/arr-diff
arr-flatten,1.1.0,MIT,jonschlinkert/arr-flatten
arr-union,3.1.0,MIT,jonschlinkert/arr-union
array-flatten,1.1.1,MIT,git://github.com/blakeembrey/array-flatten.git
array-includes,3.1.4,MIT,git://github.com/es-shims/array-includes.git
call-bind,1.0.2,MIT,git+https://github.com/ljharb/call-bind.git
define-properties,1.1.3,MIT,git://github.com/ljharb/define-properties.git
es-abstract,1.19.1,MIT,git://github.com/ljharb/es-abstract.git
get-intrinsic,1.1.1,MIT,git+https://github.com/ljharb/get-intrinsic.git
is-string,1.0.7,MIT,git://github.com/ljharb/is-string.git
array-unique,0.3.2,MIT,jonschlinkert/array-unique
array.prototype.flat,1.2.5,MIT,git://github.com/es-shims/Array.prototype.flat.git
asn1.js,4.10.1,MIT,git@github.com:indutny/asn1.js
bn.js,4.11.9,MIT,git@github.com:indutny/bn.js
inherits,2.0.4,ISC,git://github.com/isaacs/inherits
minimalistic-assert,1.0.1,ISC,https://github.com/calvinmetcalf/minimalistic-assert.git
assert,1.5.0,MIT,git://github.com/browserify/commonjs-assert.git
object-assign,4.1.1,MIT,sindresorhus/object-assign
util,0.10.3,MIT,git://github.com/defunctzombie/node-util
assign-symbols,1.0.0,MIT,jonschlinkert/assign-symbols
astral-regex,1.0.0,MIT,kevva/astral-regex
astral-regex,2.0.0,MIT,kevva/astral-regex
async-each,1.0.3,MIT,git://github.com/paulmillr/async-each.git
atob,2.1.2,(MIT OR Apache-2.0),git://git.coolaj86.com/coolaj86/atob.js.git
babel-eslint,9.0.0,MIT,https://github.com/babel/babel-eslint.git
eslint-scope,3.7.1,BSD-2-Clause,eslint/eslint-scope
eslint-visitor-keys,1.3.0,Apache-2.0,eslint/eslint-visitor-keys
babel-loader,8.1.0,MIT,https://github.com/babel/babel-loader.git
find-cache-dir,2.1.0,MIT,avajs/find-cache-dir
loader-utils,1.4.0,MIT,https://github.com/webpack/loader-utils.git
mkdirp,0.5.5,MIT,https://github.com/substack/node-mkdirp.git
pify,4.0.1,MIT,sindresorhus/pify
schema-utils,2.7.0,MIT,webpack/schema-utils
webpack,4.44.1,MIT,https://github.com/webpack/webpack.git
object.assign,4.1.2,MIT,git://github.com/ljharb/object.assign.git
balanced-match,1.0.0,MIT,git://github.com/juliangruber/balanced-match.git
base,0.11.2,MIT,node-base/base
cache-base,1.0.1,MIT,jonschlinkert/cache-base
class-utils,0.3.6,MIT,jonschlinkert/class-utils
component-emitter,1.3.0,MIT,https://github.com/component/emitter.git
define-property,1.0.0,MIT,jonschlinkert/define-property
isobject,3.0.1,MIT,jonschlinkert/isobject
mixin-deep,1.3.2,MIT,jonschlinkert/mixin-deep
pascalcase,0.1.1,MIT,jonschlinkert/pascalcase
base64-js,1.3.1,MIT,git://github.com/beatgammit/base64-js.git
big.js,5.2.2,MIT,https://github.com/MikeMcl/big.js.git
binary-extensions,1.13.1,MIT,sindresorhus/binary-extensions
binary-extensions,2.1.0,MIT,sindresorhus/binary-extensions
bindings,1.5.0,MIT,git://github.com/TooTallNate/node-bindings.git
file-uri-to-path,1.0.0,MIT,git://github.com/TooTallNate/file-uri-to-path.git
bluebird,3.7.2,MIT,git://github.com/petkaantonov/bluebird.git
bn.js,5.1.2,MIT,git@github.com:indutny/bn.js
body-parser,1.19.0,MIT,expressjs/body-parser
bytes,3.1.0,MIT,visionmedia/bytes.js
content-type,1.0.4,MIT,jshttp/content-type
debug,2.6.9,MIT,git://github.com/visionmedia/debug.git
depd,1.1.2,MIT,dougwilson/nodejs-depd
http-errors,1.7.2,MIT,jshttp/http-errors
iconv-lite,0.4.24,MIT,git://github.com/ashtuchkin/iconv-lite.git
on-finished,2.3.0,MIT,jshttp/on-finished
qs,6.7.0,BSD-3-Clause,https://github.com/ljharb/qs.git
raw-body,2.4.0,MIT,stream-utils/raw-body
type-is,1.6.18,MIT,jshttp/type-is
brace-expansion,1.1.11,MIT,git://github.com/juliangruber/brace-expansion.git
concat-map,0.0.1,MIT,git://github.com/substack/node-concat-map.git
braces,2.3.2,MIT,micromatch/braces
extend-shallow,2.0.1,MIT,jonschlinkert/extend-shallow
fill-range,4.0.0,MIT,jonschlinkert/fill-range
repeat-element,1.1.3,MIT,jonschlinkert/repeat-element
snapdragon-node,2.1.1,MIT,jonschlinkert/snapdragon-node
snapdragon,0.8.2,MIT,jonschlinkert/snapdragon
split-string,3.1.0,MIT,jonschlinkert/split-string
to-regex,3.0.2,MIT,jonschlinkert/to-regex
braces,3.0.2,MIT,micromatch/braces
fill-range,7.0.1,MIT,jonschlinkert/fill-range
brorand,1.1.0,MIT,git@github.com:indutny/brorand
browserify-aes,1.2.0,MIT,git://github.com/crypto-browserify/browserify-aes.git
buffer-xor,1.0.3,MIT,https://github.com/crypto-browserify/buffer-xor.git
cipher-base,1.0.4,MIT,git+https://github.com/crypto-browserify/cipher-base.git
create-hash,1.2.0,MIT,git@github.com:crypto-browserify/createHash.git
evp_bytestokey,1.0.3,MIT,https://github.com/crypto-browserify/EVP_BytesToKey.git
safe-buffer,5.2.1,MIT,git://github.com/feross/safe-buffer.git
browserify-cipher,1.0.1,MIT,git@github.com:crypto-browserify/browserify-cipher.git
browserify-des,1.0.2,MIT,git+https://github.com/crypto-browserify/browserify-des.git
des.js,1.0.1,MIT,git+ssh://git@github.com/indutny/des.js.git
browserify-rsa,4.0.1,MIT,git@github.com:crypto-browserify/browserify-rsa.git
randombytes,2.1.0,MIT,git@github.com:crypto-browserify/randombytes.git
browserify-sign,4.2.1,ISC,https://github.com/crypto-browserify/browserify-sign.git
create-hmac,1.1.7,MIT,https://github.com/crypto-browserify/createHmac.git
elliptic,6.5.3,MIT,git@github.com:indutny/elliptic
parse-asn1,5.1.5,ISC,git://github.com/crypto-browserify/parse-asn1.git
readable-stream,3.6.0,MIT,git://github.com/nodejs/readable-stream
browserify-zlib,0.2.0,MIT,git+https://github.com/devongovett/browserify-zlib.git
pako,1.0.11,(MIT AND Zlib),nodeca/pako
caniuse-lite,1.0.30001113,CC-BY-4.0,ben-eb/caniuse-lite
electron-to-chromium,1.3.529,ISC,https://github.com/kilian/electron-to-chromium/
escalade,3.0.2,MIT,lukeed/escalade
node-releases,1.1.60,MIT,git+https://github.com/chicoxyzzy/node-releases.git
buffer-from,1.1.1,MIT,LinusU/buffer-from
buffer,4.9.2,MIT,git://github.com/feross/buffer.git
ieee754,1.1.13,BSD-3-Clause,git://github.com/feross/ieee754.git
isarray,1.0.0,MIT,git://github.com/juliangruber/isarray.git
builtin-status-codes,3.0.0,MIT,bendrucker/builtin-status-codes
cacache,12.0.4,ISC,https://github.com/npm/cacache
chownr,1.1.4,ISC,git://github.com/isaacs/chownr.git
figgy-pudding,3.5.2,ISC,https://github.com/npm/figgy-pudding
glob,7.1.6,ISC,git://github.com/isaacs/node-glob.git
graceful-fs,4.2.4,ISC,https://github.com/isaacs/node-graceful-fs
infer-owner,1.0.4,ISC,https://github.com/npm/infer-owner
lru-cache,5.1.1,ISC,git://github.com/isaacs/node-lru-cache.git
mississippi,3.0.0,BSD-2-Clause,git+https://github.com/maxogden/mississippi.git
move-concurrently,1.0.1,ISC,git+https://github.com/npm/move-concurrently.git
promise-inflight,1.0.1,ISC,git+https://github.com/iarna/promise-inflight.git
rimraf,2.7.1,ISC,git://github.com/isaacs/rimraf.git
ssri,6.0.1,ISC,https://github.com/zkat/ssri
unique-filename,1.1.1,ISC,https://github.com/iarna/unique-filename.git
y18n,4.0.0,ISC,git@github.com:yargs/y18n.git
collection-visit,1.0.0,MIT,jonschlinkert/collection-visit
get-value,2.0.6,MIT,jonschlinkert/get-value
has-value,1.0.0,MIT,jonschlinkert/has-value
set-value,2.0.1,MIT,jonschlinkert/set-value
to-object-path,0.3.0,MIT,jonschlinkert/to-object-path
union-value,1.0.1,MIT,jonschlinkert/union-value
unset-value,1.0.0,MIT,jonschlinkert/unset-value
function-bind,1.1.1,MIT,git://github.com/Raynos/function-bind.git
callsites,3.1.0,MIT,sindresorhus/callsites
chalk,1.1.3,MIT,chalk/chalk
escape-string-regexp,1.0.5,MIT,sindresorhus/escape-string-regexp
has-ansi,2.0.0,MIT,sindresorhus/has-ansi
strip-ansi,3.0.1,MIT,chalk/strip-ansi
supports-color,2.0.0,MIT,chalk/supports-color
supports-color,5.5.0,MIT,chalk/supports-color
chalk,4.1.0,MIT,chalk/chalk
supports-color,7.2.0,MIT,chalk/supports-color
chardet,0.7.0,MIT,git@github.com:runk/node-chardet.git
chokidar,2.1.8,MIT,https://github.com/paulmillr/chokidar.git
fsevents,1.2.13,MIT,https://github.com/strongloop/fsevents.git
glob-parent,3.1.0,ISC,https://github.com/es128/glob-parent
is-binary-path,1.0.1,MIT,sindresorhus/is-binary-path
is-glob,4.0.3,MIT,micromatch/is-glob
path-is-absolute,1.0.1,MIT,sindresorhus/path-is-absolute
readdirp,2.2.1,MIT,git://github.com/paulmillr/readdirp.git
upath,1.2.0,MIT,git://github.com/anodynos/upath
chokidar,3.5.1,MIT,git+https://github.com/paulmillr/chokidar.git
fsevents,2.3.2,MIT,https://github.com/fsevents/fsevents.git
glob-parent,5.1.2,ISC,gulpjs/glob-parent
is-binary-path,2.1.0,MIT,sindresorhus/is-binary-path
readdirp,3.5.0,MIT,git://github.com/paulmillr/readdirp.git
chrome-trace-event,1.0.2,MIT,github.com:samccone/chrome-trace-event
tslib,1.13.0,0BSD,https://github.com/Microsoft/tslib.git
define-property,0.2.5,MIT,jonschlinkert/define-property
static-extend,0.1.2,MIT,jonschlinkert/static-extend
cli-cursor,2.1.0,MIT,sindresorhus/cli-cursor
restore-cursor,2.0.0,MIT,sindresorhus/restore-cursor
cli-width,2.2.1,ISC,git@github.com:knownasilya/cli-width.git
coalescy,1.0.0,MIT,https://github.com/royriojas/coalescy.git
map-visit,1.0.0,MIT,jonschlinkert/map-visit
object-visit,1.0.1,MIT,jonschlinkert/object-visit
color-name,1.1.3,MIT,git@github.com:dfcreative/color-name.git
color-name,1.1.4,MIT,git@github.com:colorjs/color-name.git
commander,2.20.3,MIT,https://github.com/tj/commander.js.git
commondir,1.0.1,MIT,http://github.com/substack/node-commondir.git
concat-stream,1.6.2,MIT,http://github.com/maxogden/concat-stream.git
readable-stream,2.3.7,MIT,git://github.com/nodejs/readable-stream
typedarray,0.0.6,MIT,git://github.com/substack/typedarray.git
confusing-browser-globals,1.0.11,MIT,https://github.com/facebook/create-react-app.git
console-browserify,1.2.0,,git://github.com/browserify/console-browserify.git
constants-browserify,1.0.0,MIT,git://github.com/juliangruber/constants-browserify.git
content-disposition,0.5.3,MIT,jshttp/content-disposition
safe-buffer,5.1.2,MIT,git://github.com/feross/safe-buffer.git
cookie-signature,1.0.6,MIT,https://github.com/visionmedia/node-cookie-signature.git
cookie,0.4.0,MIT,jshttp/cookie
copy-concurrently,1.0.5,ISC,git+https://github.com/npm/copy-concurrently.git
fs-write-stream-atomic,1.0.10,ISC,https://github.com/npm/fs-write-stream-atomic
iferr,0.1.5,MIT,https://github.com/shesek/iferr
run-queue,1.0.3,ISC,git+https://github.com/iarna/run-queue.git
copy-descriptor,0.1.1,MIT,jonschlinkert/copy-descriptor
semver,7.0.0,ISC,https://github.com/npm/node-semver
core-util-is,1.0.2,MIT,git://github.com/isaacs/core-util-is
create-ecdh,4.0.4,MIT,https://github.com/crypto-browserify/createECDH.git
md5.js,1.3.5,MIT,https://github.com/crypto-browserify/md5.js.git
ripemd160,2.0.2,MIT,https://github.com/crypto-browserify/ripemd160
sha.js,2.4.11,(MIT AND BSD-3-Clause),git://github.com/crypto-browserify/sha.js.git
cross-spawn,6.0.5,MIT,git@github.com:moxystudio/node-cross-spawn.git
nice-try,1.0.5,MIT,https://github.com/electerious/nice-try.git
path-key,2.0.1,MIT,sindresorhus/path-key
shebang-command,1.2.0,MIT,kevva/shebang-command
which,1.3.1,ISC,git://github.com/isaacs/node-which.git
cross-spawn,7.0.3,MIT,git@github.com:moxystudio/node-cross-spawn.git
path-key,3.1.1,MIT,sindresorhus/path-key
shebang-command,2.0.0,MIT,kevva/shebang-command
which,2.0.2,ISC,git://github.com/isaacs/node-which.git
crypto-browserify,3.12.0,MIT,git://github.com/crypto-browserify/crypto-browserify.git
diffie-hellman,5.0.3,MIT,https://github.com/crypto-browserify/diffie-hellman.git
pbkdf2,3.1.1,MIT,https://github.com/crypto-browserify/pbkdf2.git
public-encrypt,4.0.3,MIT,https://github.com/crypto-browserify/publicEncrypt.git
randomfill,1.0.4,MIT,https://github.com/crypto-browserify/randomfill.git
cyclist,1.0.1,MIT,git://github.com/mafintosh/cyclist
ms,2.0.0,MIT,zeit/ms
debug,3.2.7,MIT,git://github.com/visionmedia/debug.git
ms,2.1.2,MIT,zeit/ms
decode-uri-component,0.2.0,MIT,SamVerschueren/decode-uri-component
deep-is,0.1.3,MIT,http://github.com/thlorenz/deep-is.git
object-keys,1.1.1,MIT,git://github.com/ljharb/object-keys.git
is-descriptor,0.1.6,MIT,jonschlinkert/is-descriptor
is-descriptor,1.0.2,MIT,jonschlinkert/is-descriptor
define-property,2.0.2,MIT,jonschlinkert/define-property
destroy,1.0.4,MIT,stream-utils/destroy
miller-rabin,4.0.1,MIT,git@github.com:indutny/miller-rabin
doctrine,2.1.0,Apache-2.0,eslint/doctrine
doctrine,3.0.0,Apache-2.0,eslint/doctrine
domain-browser,1.2.0,MIT,https://github.com/bevry/domain-browser.git
duplexify,3.7.1,MIT,git://github.com/mafintosh/duplexify
end-of-stream,1.4.4,MIT,git://github.com/mafintosh/end-of-stream.git
stream-shift,1.0.1,MIT,https://github.com/mafintosh/stream-shift.git
ee-first,1.1.1,MIT,jonathanong/ee-first
hash.js,1.1.7,MIT,git@github.com:indutny/hash.js
hmac-drbg,1.0.1,MIT,git+ssh://git@github.com/indutny/hmac-drbg.git
minimalistic-crypto-utils,1.0.1,MIT,git+ssh://git@github.com/indutny/minimalistic-crypto-utils.git
emoji-regex,7.0.3,MIT,https://github.com/mathiasbynens/emoji-regex.git
emoji-regex,8.0.0,MIT,https://github.com/mathiasbynens/emoji-regex.git
emojis-list,3.0.0,MIT,git+https://github.com/kikobeats/emojis-list.git
encodeurl,1.0.2,MIT,pillarjs/encodeurl
once,1.4.0,ISC,git://github.com/isaacs/once
enhanced-resolve,4.3.0,,git://github.com/webpack/enhanced-resolve.git
memory-fs,0.5.0,MIT,https://github.com/webpack/memory-fs.git
tapable,1.1.3,MIT,http://github.com/webpack/tapable.git
enquirer,2.3.6,MIT,enquirer/enquirer
errno,0.1.7,MIT,https://github.com/rvagg/node-errno.git
prr,1.0.1,MIT,https://github.com/rvagg/prr.git
error-stack-parser,2.0.6,MIT,git://github.com/stacktracejs/error-stack-parser.git
stackframe,1.2.0,MIT,git://github.com/stacktracejs/stackframe.git
es-to-primitive,1.2.1,MIT,git://github.com/ljharb/es-to-primitive.git
get-symbol-description,1.0.0,MIT,git+https://github.com/inspect-js/get-symbol-description.git
has-symbols,1.0.3,MIT,git://github.com/inspect-js/has-symbols.git
has,1.0.3,MIT,git://github.com/tarruda/has.git
internal-slot,1.0.3,MIT,git+https://github.com/ljharb/internal-slot.git
is-callable,1.2.4,MIT,git://github.com/inspect-js/is-callable.git
is-negative-zero,2.0.2,MIT,git://github.com/inspect-js/is-negative-zero.git
is-regex,1.1.4,MIT,git://github.com/inspect-js/is-regex.git
is-shared-array-buffer,1.0.1,MIT,git+https://github.com/inspect-js/is-shared-array-buffer.git
is-weakref,1.0.2,MIT,git+https://github.com/inspect-js/is-weakref.git
object-inspect,1.12.0,MIT,git://github.com/inspect-js/object-inspect.git
string.prototype.trimend,1.0.4,MIT,git://github.com/es-shims/String.prototype.trimEnd.git
string.prototype.trimstart,1.0.4,MIT,git://github.com/es-shims/String.prototype.trimStart.git
unbox-primitive,1.0.1,MIT,git+https://github.com/ljharb/unbox-primitive.git
is-date-object,1.0.2,MIT,git://github.com/ljharb/is-date-object.git
is-symbol,1.0.3,MIT,git://github.com/inspect-js/is-symbol.git
escape-html,1.0.3,MIT,component/escape-html
escape-string-regexp,4.0.0,MIT,sindresorhus/escape-string-regexp
eslint-config-airbnb-base,13.2.0,MIT,https://github.com/airbnb/javascript
eslint-plugin-import,2.25.4,MIT,https://github.com/import-js/eslint-plugin-import
eslint,5.16.0,MIT,eslint/eslint
object.entries,1.1.5,MIT,git://github.com/es-shims/Object.entries.git
eslint-config-airbnb-base,14.2.1,MIT,https://github.com/airbnb/javascript
eslint,7.32.0,MIT,eslint/eslint
eslint-friendly-formatter,4.0.1,MIT,royriojas/eslint-friendly-formatter
extend,3.0.2,MIT,https://github.com/justmoon/node-extend.git
minimist,1.2.5,MIT,git://github.com/substack/minimist.git
strip-ansi,4.0.0,MIT,chalk/strip-ansi
text-table,0.2.0,MIT,git://github.com/substack/text-table.git
eslint-import-resolver-node,0.3.6,MIT,https://github.com/import-js/eslint-plugin-import
resolve,1.22.0,MIT,git://github.com/browserify/resolve.git
eslint-loader,2.2.1,MIT,https://github.com/webpack-contrib/eslint-loader.git
loader-fs-cache,1.0.3,MIT,https://github.com/viankakrisna/loader-fs-cache.git
object-hash,1.3.1,MIT,https://github.com/puleos/object-hash
eslint-module-utils,2.7.3,MIT,git+https://github.com/import-js/eslint-plugin-import.git
find-up,2.1.0,MIT,sindresorhus/find-up
is-core-module,2.8.1,MIT,git+https://github.com/inspect-js/is-core-module.git
object.values,1.1.5,MIT,git://github.com/es-shims/Object.values.git
tsconfig-paths,3.14.0,MIT,https://github.com/dividab/tsconfig-paths
esrecurse,4.3.0,BSD-2-Clause,https://github.com/estools/esrecurse.git
estraverse,4.3.0,BSD-2-Clause,http://github.com/estools/estraverse.git
eslint-scope,4.0.3,BSD-2-Clause,eslint/eslint-scope
eslint-scope,5.1.1,BSD-2-Clause,eslint/eslint-scope
eslint-utils,1.4.3,MIT,git+https://github.com/mysticatea/eslint-utils.git
eslint-utils,2.1.0,MIT,git+https://github.com/mysticatea/eslint-utils.git
eslint-visitor-keys,2.1.0,Apache-2.0,eslint/eslint-visitor-keys
espree,5.0.1,BSD-2-Clause,eslint/espree
esquery,1.4.0,BSD-3-Clause,https://github.com/estools/esquery.git
file-entry-cache,5.0.1,MIT,royriojas/file-entry-cache
functional-red-black-tree,1.0.1,MIT,git://github.com/mikolalysenko/functional-red-black-tree.git
imurmurhash,0.1.4,MIT,https://github.com/jensyt/imurmurhash-js
inquirer,6.5.2,MIT,SBoudrias/Inquirer.js
json-stable-stringify-without-jsonify,1.0.1,MIT,git://github.com/samn/json-stable-stringify.git
levn,0.3.0,MIT,git://github.com/gkz/levn.git
natural-compare,1.4.0,MIT,git://github.com/litejs/natural-compare-lite.git
optionator,0.8.3,MIT,git://github.com/gkz/optionator.git
path-is-inside,1.0.2,(WTFPL OR MIT),domenic/path-is-inside
progress,2.0.3,MIT,git://github.com/visionmedia/node-progress
regexpp,2.0.1,MIT,git+https://github.com/mysticatea/regexpp.git
strip-json-comments,2.0.1,MIT,sindresorhus/strip-json-comments
table,5.4.6,BSD-3-Clause,https://github.com/gajus/table
file-entry-cache,6.0.1,MIT,royriojas/file-entry-cache
is-glob,4.0.1,MIT,micromatch/is-glob
levn,0.4.1,MIT,git://github.com/gkz/levn.git
lodash.merge,4.6.2,MIT,lodash/lodash
optionator,0.9.1,MIT,git://github.com/gkz/optionator.git
regexpp,3.2.0,MIT,git+https://github.com/mysticatea/regexpp.git
semver,7.3.5,ISC,https://github.com/npm/node-semver
strip-ansi,6.0.0,MIT,chalk/strip-ansi
table,6.8.0,BSD-3-Clause,https://github.com/gajus/table
v8-compile-cache,2.1.1,MIT,https://github.com/zertosh/v8-compile-cache.git
esprima,4.0.1,BSD-2-Clause,https://github.com/jquery/esprima.git
estraverse,5.2.0,BSD-2-Clause,http://github.com/estools/estraverse.git
etag,1.8.1,MIT,jshttp/etag
eventemitter3,4.0.4,MIT,git://github.com/primus/eventemitter3.git
events,3.2.0,MIT,git://github.com/Gozala/events.git
expand-brackets,2.1.4,MIT,jonschlinkert/expand-brackets
posix-character-classes,0.1.1,MIT,jonschlinkert/posix-character-classes
regex-not,1.0.2,MIT,jonschlinkert/regex-not
express,4.17.1,MIT,expressjs/express
finalhandler,1.1.2,MIT,pillarjs/finalhandler
fresh,0.5.2,MIT,jshttp/fresh
merge-descriptors,1.0.1,MIT,component/merge-descriptors
methods,1.1.2,MIT,jshttp/methods
parseurl,1.3.3,MIT,pillarjs/parseurl
path-to-regexp,0.1.7,MIT,https://github.com/component/path-to-regexp.git
proxy-addr,2.0.6,MIT,jshttp/proxy-addr
range-parser,1.2.1,MIT,jshttp/range-parser
send,0.17.1,MIT,pillarjs/send
serve-static,1.14.1,MIT,expressjs/serve-static
setprototypeof,1.1.1,ISC,https://github.com/wesleytodd/setprototypeof.git
statuses,1.5.0,MIT,jshttp/statuses
utils-merge,1.0.1,MIT,git://github.com/jaredhanson/utils-merge.git
vary,1.1.2,MIT,jshttp/vary
is-extendable,0.1.1,MIT,jonschlinkert/is-extendable
extend-shallow,3.0.2,MIT,jonschlinkert/extend-shallow
is-extendable,1.0.1,MIT,jonschlinkert/is-extendable
external-editor,3.1.0,MIT,git+https://github.com/mrkmg/node-external-editor.git
tmp,0.0.33,MIT,raszi/node-tmp
extglob,2.0.4,MIT,micromatch/extglob
fragment-cache,0.2.1,MIT,jonschlinkert/fragment-cache
fast-levenshtein,2.0.6,MIT,https://github.com/hiddentao/fast-levenshtein.git
figures,2.0.0,MIT,sindresorhus/figures
flat-cache,2.0.1,MIT,royriojas/flat-cache
flat-cache,3.0.4,MIT,royriojas/flat-cache
is-number,3.0.0,MIT,jonschlinkert/is-number
repeat-string,1.6.1,MIT,jonschlinkert/repeat-string
to-regex-range,2.1.1,MIT,micromatch/to-regex-range
to-regex-range,5.0.1,MIT,micromatch/to-regex-range
unpipe,1.0.0,MIT,stream-utils/unpipe
find-cache-dir,0.1.1,MIT,jamestalmage/find-cache-dir
pkg-dir,1.0.0,MIT,sindresorhus/pkg-dir
make-dir,2.1.0,MIT,sindresorhus/make-dir
pkg-dir,3.0.0,MIT,sindresorhus/pkg-dir
find-up,1.1.2,MIT,sindresorhus/find-up
path-exists,2.1.0,MIT,sindresorhus/path-exists
pinkie-promise,2.0.1,MIT,floatdrop/pinkie-promise
locate-path,2.0.0,MIT,sindresorhus/locate-path
find-up,3.0.0,MIT,sindresorhus/find-up
locate-path,3.0.0,MIT,sindresorhus/locate-path
flatted,2.0.2,ISC,git+https://github.com/WebReflection/flatted.git
rimraf,2.6.3,ISC,git://github.com/isaacs/rimraf.git
write,1.0.3,MIT,jonschlinkert/write
flatted,3.2.5,ISC,git+https://github.com/WebReflection/flatted.git
rimraf,3.0.2,ISC,git://github.com/isaacs/rimraf.git
flush-write-stream,1.1.1,MIT,https://github.com/mafintosh/flush-write-stream.git
follow-redirects,1.13.0,MIT,git@github.com:follow-redirects/follow-redirects.git
for-in,1.0.2,MIT,jonschlinkert/for-in
forwarded,0.1.2,MIT,jshttp/forwarded
map-cache,0.2.2,MIT,jonschlinkert/map-cache
friendly-errors-webpack-plugin,1.7.0,MIT,git+https://github.com/geowarin/friendly-errors-webpack-plugin.git
string-width,2.1.1,MIT,sindresorhus/string-width
from2,2.3.0,MIT,git://github.com/hughsk/from2
fs.realpath,1.0.0,ISC,git+https://github.com/isaacs/fs.realpath.git
nan,2.14.1,MIT,git://github.com/nodejs/nan.git
is-glob,3.1.0,MIT,jonschlinkert/is-glob
path-dirname,1.0.2,MIT,es128/path-dirname
inflight,1.0.6,ISC,https://github.com/npm/inflight.git
type-fest,0.20.2,(MIT OR CC0-1.0),sindresorhus/type-fest
has-bigints,1.0.1,MIT,git+https://github.com/ljharb/has-bigints.git
has-flag,3.0.0,MIT,sindresorhus/has-flag
has-flag,4.0.0,MIT,sindresorhus/has-flag
has-symbols,1.0.1,MIT,git://github.com/ljharb/has-symbols.git
has-tostringtag,1.0.0,MIT,git+https://github.com/inspect-js/has-tostringtag.git
has-value,0.3.1,MIT,jonschlinkert/has-value
has-values,0.1.4,MIT,jonschlinkert/has-values
isobject,2.1.0,MIT,jonschlinkert/isobject
has-values,1.0.0,MIT,jonschlinkert/has-values
kind-of,4.0.0,MIT,jonschlinkert/kind-of
hash-base,3.1.0,MIT,https://github.com/crypto-browserify/hash-base.git
inherits,2.0.3,ISC,git://github.com/isaacs/inherits
toidentifier,1.0.0,MIT,component/toidentifier
http-proxy-middleware,1.0.5,MIT,https://github.com/chimurai/http-proxy-middleware.git
http-proxy,1.18.1,MIT,https://github.com/http-party/node-http-proxy.git
micromatch,4.0.2,MIT,micromatch/micromatch
requires-port,1.0.0,MIT,https://github.com/unshiftio/requires-port
https-browserify,1.0.0,MIT,git://github.com/substack/https-browserify.git
safer-buffer,2.1.2,MIT,git+https://github.com/ChALkeR/safer-buffer.git
parent-module,1.0.1,MIT,sindresorhus/parent-module
resolve-from,4.0.0,MIT,sindresorhus/resolve-from
wrappy,1.0.2,ISC,https://github.com/npm/wrappy
inherits,2.0.1,ISC,git://github.com/isaacs/inherits
mute-stream,0.0.7,ISC,git://github.com/isaacs/mute-stream
run-async,2.4.1,MIT,SBoudrias/run-async
rxjs,6.6.2,Apache-2.0,https://github.com/reactivex/rxjs.git
strip-ansi,5.2.0,MIT,chalk/strip-ansi
through,2.3.8,MIT,https://github.com/dominictarr/through.git
side-channel,1.0.4,MIT,git+https://github.com/ljharb/side-channel.git
loose-envify,1.4.0,MIT,git://github.com/zertosh/loose-envify.git
ipaddr.js,1.9.1,MIT,git://github.com/whitequark/ipaddr.js
is-accessor-descriptor,0.1.6,MIT,jonschlinkert/is-accessor-descriptor
kind-of,3.2.2,MIT,jonschlinkert/kind-of
is-accessor-descriptor,1.0.0,MIT,jonschlinkert/is-accessor-descriptor
kind-of,6.0.3,MIT,jonschlinkert/kind-of
is-bigint,1.0.4,MIT,git+https://github.com/inspect-js/is-bigint.git
is-boolean-object,1.1.2,MIT,git://github.com/inspect-js/is-boolean-object.git
is-buffer,1.1.6,MIT,git://github.com/feross/is-buffer.git
is-data-descriptor,0.1.4,MIT,jonschlinkert/is-data-descriptor
is-data-descriptor,1.0.0,MIT,jonschlinkert/is-data-descriptor
kind-of,5.1.0,MIT,jonschlinkert/kind-of
is-plain-object,2.0.4,MIT,jonschlinkert/is-plain-object
is-extglob,2.1.1,MIT,jonschlinkert/is-extglob
is-fullwidth-code-point,2.0.0,MIT,sindresorhus/is-fullwidth-code-point
is-fullwidth-code-point,3.0.0,MIT,sindresorhus/is-fullwidth-code-point
is-number-object,1.0.6,MIT,git://github.com/inspect-js/is-number-object.git
is-number,7.0.0,MIT,jonschlinkert/is-number
is-windows,1.0.2,MIT,jonschlinkert/is-windows
is-wsl,1.1.0,MIT,sindresorhus/is-wsl
isexe,2.0.0,ISC,git+https://github.com/isaacs/isexe.git
jsesc,0.5.0,,https://github.com/mathiasbynens/jsesc.git
json-parse-better-errors,1.0.2,MIT,https://github.com/zkat/json-parse-better-errors
json5,1.0.1,MIT,git+https://github.com/json5/json5.git
leven,3.1.0,MIT,sindresorhus/leven
prelude-ls,1.1.2,,git://github.com/gkz/prelude-ls.git
type-check,0.3.2,MIT,git://github.com/gkz/type-check.git
prelude-ls,1.2.1,MIT,git://github.com/gkz/prelude-ls.git
type-check,0.4.0,MIT,git://github.com/gkz/type-check.git
loader-runner,2.4.0,MIT,git+https://github.com/webpack/loader-runner.git
p-locate,2.0.0,MIT,sindresorhus/p-locate
path-exists,3.0.0,MIT,sindresorhus/path-exists
p-locate,3.0.0,MIT,sindresorhus/p-locate
lodash.truncate,4.4.2,MIT,lodash/lodash
yallist,3.1.1,ISC,git+https://github.com/isaacs/yallist.git
lru-cache,6.0.0,ISC,git://github.com/isaacs/node-lru-cache.git
yallist,4.0.0,ISC,git+https://github.com/isaacs/yallist.git
media-typer,0.3.0,MIT,jshttp/media-typer
memory-fs,0.4.1,MIT,https://github.com/webpack/memory-fs.git
nanomatch,1.2.13,MIT,micromatch/nanomatch
object.pick,1.3.0,MIT,jonschlinkert/object.pick
mime-db,1.44.0,MIT,jshttp/mime-db
mime,1.6.0,MIT,https://github.com/broofa/node-mime
mimic-fn,1.2.0,MIT,sindresorhus/mimic-fn
parallel-transform,1.2.0,MIT,git://github.com/mafintosh/parallel-transform
pump,3.0.0,MIT,git://github.com/mafintosh/pump.git
pumpify,1.5.1,MIT,git://github.com/mafintosh/pumpify
stream-each,1.2.3,MIT,https://github.com/mafintosh/stream-each.git
through2,2.0.5,MIT,https://github.com/rvagg/through2.git
ms,2.1.1,MIT,zeit/ms
1to2,1.0.0,MIT,git://github.com/nodejs/nan.git
neo-async,2.6.2,MIT,git@github.com:suguru03/neo-async.git
node-libs-browser,2.2.1,MIT,git+https://github.com/webpack/node-libs-browser.git
object-copy,0.1.0,MIT,jonschlinkert/object-copy
onetime,2.0.1,MIT,sindresorhus/onetime
os-browserify,0.3.0,MIT,http://github.com/CoderPuppy/os-browserify.git
os-tmpdir,1.0.2,MIT,sindresorhus/os-tmpdir
p-limit,1.3.0,MIT,sindresorhus/p-limit
p-try,1.0.0,MIT,sindresorhus/p-try
path-browserify,0.0.1,MIT,git://github.com/substack/path-browserify.git
path-parse,1.0.6,MIT,https://github.com/jbgutierrez/path-parse.git
pinkie,2.0.4,MIT,floatdrop/pinkie
process-nextick-args,2.0.1,MIT,https://github.com/calvinmetcalf/process-nextick-args.git
process,0.11.10,MIT,git://github.com/shtylman/node-process.git
punycode,1.4.1,MIT,https://github.com/bestiejs/punycode.js.git
querystring-es3,0.2.1,,git://github.com/mike-spainhower/querystring.git
querystring,0.2.0,,git://github.com/Gozala/querystring.git
regenerate-unicode-properties,8.2.0,MIT,https://github.com/mathiasbynens/regenerate-unicode-properties.git
regenerate,1.4.1,MIT,https://github.com/mathiasbynens/regenerate.git
regjsgen,0.5.2,MIT,https://github.com/bnjmnt4n/regjsgen.git
regjsparser,0.6.4,BSD-2-Clause,git@github.com:jviereck/regjsparser.git
remove-trailing-separator,1.1.0,ISC,git+https://github.com/darsain/remove-trailing-separator.git
resolve-url,0.2.1,MIT,lydell/resolve-url
ret,0.1.15,MIT,git://github.com/fent/ret.js.git
safe-regex,1.1.0,MIT,git://github.com/substack/safe-regex.git
serialize-javascript,3.1.0,BSD-3-Clause,git+https://github.com/yahoo/serialize-javascript.git
setimmediate,1.0.5,MIT,YuzuJS/setImmediate
shebang-regex,1.0.0,MIT,sindresorhus/shebang-regex
signal-exit,3.0.3,ISC,https://github.com/tapjs/signal-exit.git
slice-ansi,2.1.0,MIT,chalk/slice-ansi
snapdragon-util,3.0.1,MIT,jonschlinkert/snapdragon-util
source-list-map,2.0.1,MIT,https://github.com/webpack/source-list-map.git
source-map-resolve,0.5.3,MIT,lydell/source-map-resolve
source-map-support,0.5.19,MIT,https://github.com/evanw/node-source-map-support
source-map-url,0.4.0,MIT,lydell/source-map-url
stream-browserify,2.0.2,MIT,git://github.com/browserify/stream-browserify.git
stream-http,2.8.3,MIT,git://github.com/jhiesey/stream-http.git
string_decoder,1.1.1,MIT,git://github.com/nodejs/string_decoder.git
strip-bom,3.0.0,MIT,sindresorhus/strip-bom
supports-preserve-symlinks-flag,1.0.0,MIT,git+https://github.com/inspect-js/node-supports-preserve-symlinks-flag.git
terser-webpack-plugin,1.4.4,MIT,webpack-contrib/terser-webpack-plugin
terser,4.8.0,BSD-2-Clause,https://github.com/terser/terser
timers-browserify,2.0.11,MIT,git://github.com/jryans/timers-browserify.git
to-arraybuffer,1.0.1,MIT,git://github.com/jhiesey/to-arraybuffer.git
ts-loader,7.0.5,MIT,https://github.com/TypeStrong/ts-loader.git
tslib,2.3.1,0BSD,https://github.com/Microsoft/tslib.git
tty-browserify,0.0.0,MIT,git://github.com/substack/tty-browserify.git
unicode-canonical-property-names-ecmascript,1.0.4,MIT,https://github.com/mathiasbynens/unicode-canonical-property-names-ecmascript.git
unicode-match-property-ecmascript,1.0.4,MIT,https://github.com/mathiasbynens/unicode-match-property-ecmascript.git
unicode-match-property-value-ecmascript,1.2.0,MIT,https://github.com/mathiasbynens/unicode-match-property-value-ecmascript.git
unicode-property-aliases-ecmascript,1.1.0,MIT,https://github.com/mathiasbynens/unicode-property-aliases-ecmascript.git
unique-slug,2.0.2,ISC,git://github.com/iarna/unique-slug.git
urix,0.1.0,MIT,lydell/urix
url,0.11.0,MIT,https://github.com/defunctzombie/node-url.git
use,3.1.1,MIT,jonschlinkert/use
util-deprecate,1.0.2,MIT,git://github.com/TooTallNate/util-deprecate.git
util,0.11.1,MIT,git://github.com/defunctzombie/node-util
vm-browserify,1.1.2,MIT,http://github.com/substack/vm-browserify.git
watchpack-chokidar2,2.0.1,MIT,https://github.com/webpack/watchpack.git
watchpack,1.7.4,MIT,https://github.com/webpack/watchpack.git
webpack-sources,1.4.3,MIT,git+https://github.com/webpack/webpack-sources.git
which-boxed-primitive,1.0.2,MIT,git+https://github.com/inspect-js/which-boxed-primitive.git
word-wrap,1.2.3,MIT,jonschlinkert/word-wrap
worker-farm,1.7.0,MIT,https://github.com/rvagg/node-worker-farm.git
worker-loader,2.0.0,MIT,https://github.com/webpack-contrib/worker-loader.git
xtend,4.0.2,MIT,git://github.com/Raynos/xtend.git
p-limit,2.3.0,MIT,sindresorhus/p-limit
p-try,2.2.0,MIT,sindresorhus/p-try
path-parse,1.0.7,MIT,https://github.com/jbgutierrez/path-parse.git
pump,2.0.1,MIT,git://github.com/mafintosh/pump.git
punycode,1.3.2,MIT,https://github.com/bestiejs/punycode.js.git
punycode,2.1.1,MIT,https://github.com/bestiejs/punycode.js.git
schema-utils,0.4.7,MIT,https://github.com/webpack-contrib/schema-utils
schema-utils,1.0.0,MIT,https://github.com/webpack-contrib/schema-utils
semver,6.3.0,ISC,https://github.com/npm/node-semver
shebang-regex,3.0.0,MIT,sindresorhus/shebang-regex
slice-ansi,4.0.0,MIT,chalk/slice-ansi
source-map,0.6.1,BSD-3-Clause,http://github.com/mozilla/source-map.git
string-width,3.1.0,MIT,sindresorhus/string-width
string-width,4.2.3,MIT,sindresorhus/string-width
strip-ansi,6.0.1,MIT,chalk/strip-ansi
typescript,3.9.10,Apache-2.0,https://github.com/Microsoft/TypeScript.git